,Survived,Pclass,Sex,Age,SibSp,Parch,Ticket,Fare,Cabin,Embarked
0,0,2,1,22.0,1,0,523,18,0,3
1,1,0,0,38.0,1,0,596,207,82,1
2,1,2,0,26.0,0,0,669,41,0,3
3,1,0,0,35.0,1,0,49,189,56,3
4,0,2,1,35.0,0,0,472,43,0,3
5,0,2,1,29.7,0,0,275,51,0,2
6,0,0,1,54.0,0,0,85,186,130,3
7,0,2,1,2.0,3,1,395,124,0,3
8,1,2,0,27.0,0,2,344,74,0,3
9,1,1,0,14.0,1,0,132,154,0,1
10,1,2,0,4.0,1,1,616,110,146,3
11,1,0,0,58.0,0,0,38,143,50,3
12,0,2,1,20.0,0,0,535,43,0,3
13,0,2,1,39.0,1,5,333,158,0,3
14,0,2,0,14.0,0,0,413,36,0,3
15,1,1,0,55.0,0,0,153,108,0,3
16,0,2,1,2.0,4,1,480,151,0,2
17,1,1,1,29.7,0,0,151,85,0,3
18,0,2,0,31.0,1,0,301,113,0,3
19,1,2,0,29.7,0,0,184,16,0,1
20,0,1,1,35.0,0,0,139,138,0,3
21,1,1,1,34.0,0,0,152,85,112,3
22,1,2,0,15.0,0,0,278,42,0,2
23,1,0,1,28.0,0,0,42,168,14,3
24,0,2,0,8.0,3,1,395,124,0,3
25,1,2,0,38.0,1,5,329,159,0,3
26,0,2,1,29.7,0,0,179,16,0,1
27,0,0,1,19.0,3,2,95,246,64,3
28,1,2,0,29.7,0,0,283,38,0,2
29,0,2,1,29.7,0,0,362,40,0,3
30,0,0,1,40.0,0,0,598,145,0,1
31,1,0,0,29.7,1,0,586,236,42,1
32,1,2,0,29.7,0,0,288,30,0,2
33,0,1,1,66.0,0,0,549,72,0,3
34,0,0,1,28.0,1,0,600,220,0,1
35,0,0,1,42.0,1,0,43,187,0,3
36,1,2,1,29.7,0,0,202,17,0,1
37,0,2,1,21.0,0,0,514,43,0,3
38,0,2,0,18.0,2,0,302,113,0,3
39,1,2,0,14.0,1,0,186,75,0,1
40,0,2,0,40.0,1,0,507,62,0,3
41,0,1,0,27.0,1,0,53,123,0,3
42,0,2,1,29.7,0,0,391,40,0,1
43,1,1,0,3.0,1,2,634,177,0,1
44,1,2,0,19.0,0,0,282,38,0,2
45,0,2,1,29.7,0,0,617,43,0,3
46,0,2,1,29.7,1,0,462,102,0,2
47,1,2,0,29.7,0,0,76,30,0,2
48,0,2,1,29.7,2,0,190,125,0,1
49,0,2,0,18.0,1,0,377,112,0,3
50,0,2,1,7.0,4,1,249,175,0,3
51,0,2,1,21.0,0,0,522,34,0,3
52,1,0,0,49.0,1,0,587,211,102,1
53,1,1,0,29.0,1,0,239,138,0,3
54,0,0,1,65.0,0,1,29,200,24,1
55,1,0,1,29.7,0,0,94,168,72,3
56,1,1,0,21.0,0,0,555,72,0,3
57,0,2,1,28.5,0,0,215,17,0,1
58,1,1,0,5.0,1,2,561,146,0,3
59,0,2,1,11.0,5,2,566,179,0,3
60,0,2,1,22.0,0,0,197,17,0,1
61,1,0,0,38.0,0,0,32,218,22,0
62,0,0,1,45.0,1,0,457,222,81,3
63,0,2,1,4.0,3,2,337,147,0,3
64,0,0,1,29.7,0,0,601,145,0,1
65,1,2,1,29.7,1,1,189,101,0,1
66,1,1,0,29.0,0,0,553,72,143,3
67,0,2,1,19.0,0,0,623,46,0,3
68,1,2,0,17.0,4,2,248,41,0,3
69,0,2,1,26.0,2,0,270,54,0,3
70,0,1,1,32.0,0,0,557,72,0,3
71,0,2,0,16.0,5,2,566,179,0,3
72,0,1,1,21.0,0,0,621,208,0,3
73,0,2,1,26.0,1,0,204,94,0,1
74,1,2,1,32.0,0,0,80,193,0,3
75,0,2,1,25.0,0,0,347,24,141,3
76,0,2,1,29.7,0,0,355,40,0,3
77,0,2,1,29.7,0,0,473,43,0,3
78,1,1,1,0.83,0,2,158,150,0,3
79,1,2,0,30.0,0,0,432,81,0,3
80,0,2,1,22.0,0,0,304,58,0,3
81,1,2,1,29.0,0,0,311,64,0,3
82,1,2,0,29.7,0,0,280,32,0,2
83,0,0,1,28.0,0,0,25,180,0,3
84,1,1,0,17.0,0,0,637,72,0,3
85,1,2,0,33.0,3,0,247,106,0,3
86,0,2,1,16.0,1,3,676,165,0,3
87,0,2,1,29.7,0,0,652,43,0,3
88,1,0,0,23.0,3,2,95,246,64,3
89,0,2,1,24.0,0,0,297,43,0,3
90,0,2,1,29.0,0,0,298,43,0,3
91,0,2,1,20.0,0,0,341,36,0,3
92,0,0,1,46.0,1,0,678,198,123,3
93,0,2,1,26.0,1,2,548,122,0,3
94,0,2,1,59.0,0,0,428,18,0,3
95,0,2,1,29.7,0,0,475,43,0,3
96,0,0,1,71.0,0,0,607,166,13,1
97,1,0,1,23.0,0,1,612,201,92,1
98,1,1,0,34.0,0,1,117,129,0,3
99,0,1,1,34.0,1,0,150,138,0,3
100,0,2,0,28.0,0,0,384,40,0,3
101,0,2,1,29.7,0,0,361,40,0,3
102,0,0,1,21.0,0,1,417,212,99,3
103,0,2,1,33.0,0,0,505,53,0,3
104,0,2,1,37.0,2,0,245,41,0,3
105,0,2,1,28.0,0,0,354,40,0,3
106,1,2,0,21.0,0,0,296,24,0,3
107,1,2,1,29.7,0,0,254,31,0,3
108,0,2,1,38.0,0,0,388,40,0,3
109,1,2,0,29.7,1,0,469,133,0,2
110,0,0,1,47.0,0,0,2,187,53,3
111,0,2,0,14.5,1,0,193,94,0,1
112,0,2,1,22.0,0,0,274,43,0,3
113,0,2,0,20.0,1,0,491,66,0,3
114,0,2,0,17.0,0,0,176,95,0,1
115,0,2,1,21.0,0,0,666,41,0,3
116,0,2,1,70.5,0,0,460,30,0,2
117,0,1,1,29.0,1,0,53,123,0,3
118,0,0,1,24.0,0,1,585,244,37,1
119,0,2,0,2.0,4,2,333,158,0,3
120,0,1,1,21.0,2,0,621,208,0,3
121,0,2,1,29.7,0,0,540,43,0,3
122,0,1,1,32.5,1,0,132,154,0,1
123,1,1,0,32.5,0,0,219,85,117,3
124,0,0,1,54.0,0,1,417,212,99,3
125,1,2,1,12.0,1,0,186,75,0,1
126,0,2,1,29.7,0,0,463,30,0,2
127,1,2,1,24.0,0,0,541,15,0,3
128,1,2,0,29.7,1,1,196,127,139,1
129,0,2,1,45.0,0,0,318,10,0,3
130,0,2,1,33.0,0,0,380,40,0,1
131,0,2,1,20.0,0,0,640,12,0,3
132,0,2,0,47.0,1,0,537,96,0,3
133,1,1,0,29.0,1,0,111,138,0,3
134,0,1,1,25.0,0,0,552,85,0,3
135,0,1,1,23.0,0,0,630,98,0,1
136,1,0,0,19.0,0,2,55,140,108,3
137,0,0,1,37.0,1,0,49,189,56,3
138,0,2,1,16.0,0,0,504,59,0,3
139,0,0,1,24.0,0,0,592,216,46,1
140,0,2,0,29.7,0,2,203,101,0,1
141,1,2,0,22.0,0,0,332,30,0,3
142,1,2,0,24.0,1,0,668,106,0,3
143,0,2,1,19.0,0,0,438,7,0,2
144,0,1,1,18.0,0,0,118,76,0,3
145,0,1,1,19.0,1,1,558,169,0,3
146,1,2,1,27.0,0,0,405,33,0,3
147,0,2,0,9.0,2,2,676,165,0,3
148,0,1,1,36.5,0,2,113,138,142,3
149,0,1,1,42.0,0,0,147,85,0,3
150,0,1,1,51.0,0,0,622,82,0,3
151,1,0,0,22.0,1,0,36,203,62,3
152,0,2,1,55.5,0,0,516,43,0,3
153,0,2,1,40.5,0,2,538,96,0,3
154,0,2,1,29.7,0,0,573,19,0,3
155,0,0,1,51.0,0,1,595,199,0,1
156,1,2,0,16.0,0,0,418,27,0,2
157,0,2,1,30.0,0,0,654,43,0,3
158,0,2,1,29.7,0,0,258,54,0,3
159,0,2,1,29.7,6,2,568,205,0,3
160,0,2,1,44.0,0,1,470,109,0,3
161,1,1,0,40.0,0,0,559,105,0,3
162,0,2,1,26.0,0,0,323,31,0,3
163,0,2,1,17.0,0,0,265,54,0,3
164,0,2,1,1.0,4,1,249,175,0,3
165,1,2,1,9.0,0,2,423,121,0,3
166,1,0,0,29.7,0,1,28,190,124,3
167,0,2,0,45.0,1,4,337,147,0,3
168,0,0,1,29.7,0,0,576,136,0,3
169,0,2,1,28.0,0,0,80,193,0,3
170,0,0,1,61.0,0,0,5,163,19,3
171,0,2,1,4.0,4,1,480,151,0,2
172,1,2,0,1.0,1,1,344,74,0,3
173,0,2,1,21.0,0,0,659,41,0,3
174,0,0,1,56.0,0,0,90,156,15,1
175,0,2,1,18.0,1,1,412,36,0,3
176,0,2,1,29.7,3,1,488,134,0,3
177,0,0,0,50.0,0,0,593,149,70,1
178,0,1,1,30.0,0,0,169,85,0,3
179,0,2,1,36.0,0,0,574,0,0,3
180,0,2,0,29.7,6,2,568,205,0,3
181,0,1,1,29.7,0,0,629,99,0,1
182,0,2,1,9.0,4,2,329,159,0,3
183,1,1,1,1.0,2,1,114,172,145,3
184,1,2,0,4.0,0,2,271,126,0,3
185,0,0,1,29.7,0,0,34,183,10,3
186,1,2,0,29.7,1,0,459,102,0,2
187,1,0,1,45.0,0,0,11,143,0,3
188,0,2,1,40.0,1,1,435,102,0,2
189,0,2,1,36.0,0,0,386,40,0,3
190,1,1,0,32.0,0,0,122,85,0,3
191,0,1,1,19.0,0,0,227,85,0,3
192,1,2,0,19.0,1,0,406,36,0,3
193,1,1,1,3.0,1,1,113,138,142,3
194,1,0,0,44.0,0,0,604,145,29,1
195,1,0,0,58.0,0,0,586,236,44,1
196,0,2,1,29.7,0,0,452,30,0,2
197,0,2,1,42.0,0,1,494,49,0,3
198,1,2,0,29.7,0,0,461,30,0,2
199,0,1,0,24.0,0,0,160,85,0,3
200,0,2,1,28.0,0,0,306,64,0,3
201,0,2,1,29.7,6,2,568,205,0,3
202,0,2,1,34.0,0,0,242,6,0,3
203,0,2,1,45.5,0,0,177,16,0,1
204,1,2,1,18.0,0,0,530,43,0,3
205,0,2,0,2.0,0,1,316,71,146,3
206,0,2,1,32.0,1,0,247,106,0,3
207,1,2,1,26.0,0,0,216,115,0,1
208,1,2,0,16.0,0,0,445,30,0,2
209,1,0,1,40.0,0,0,17,157,9,1
210,0,2,1,24.0,0,0,642,12,0,3
211,1,1,0,35.0,0,0,570,123,0,3
212,0,2,1,22.0,0,0,526,18,0,3
213,0,1,1,30.0,0,0,163,85,0,3
214,0,2,1,29.7,1,0,443,30,0,2
215,1,0,0,31.0,1,0,416,231,104,1
216,1,2,0,27.0,0,0,670,41,0,3
217,0,1,1,42.0,1,0,142,144,0,3
218,1,0,0,32.0,0,0,63,210,94,1
219,0,1,1,30.0,0,0,679,72,0,3
220,1,2,1,16.0,0,0,653,43,0,3
221,0,1,1,27.0,0,0,105,85,0,3
222,0,2,1,51.0,0,0,102,43,0,3
223,0,2,1,29.7,0,0,375,40,0,3
224,1,0,1,38.0,1,0,93,225,88,3
225,0,2,1,22.0,0,0,615,61,0,3
226,1,1,1,19.0,0,0,672,72,0,3
227,0,2,1,20.5,0,0,525,18,0,3
228,0,1,1,18.0,0,0,125,85,0,3
229,0,2,0,29.7,3,1,488,134,0,3
230,1,0,0,35.0,1,0,457,222,81,3
231,0,2,1,29.0,0,0,322,31,0,3
232,0,1,1,59.0,0,0,128,87,0,3
233,1,2,0,5.0,4,2,329,159,0,3
234,0,1,1,24.0,0,0,554,72,0,3
235,0,2,0,29.7,0,0,677,22,0,3
236,0,1,1,44.0,1,0,198,138,0,3
237,1,1,0,8.0,0,2,556,139,0,3
238,0,1,1,19.0,0,0,231,72,0,3
239,0,1,1,33.0,0,0,636,78,0,3
240,0,2,0,29.7,1,0,193,94,0,1
241,1,2,0,29.7,1,0,444,102,0,2
242,0,1,1,29.0,0,0,674,72,0,3
243,0,2,1,22.0,0,0,658,14,0,3
244,0,2,1,30.0,0,0,213,16,0,1
245,0,0,1,44.0,2,0,92,225,79,2
246,0,2,0,25.0,0,0,325,31,0,3
247,1,1,0,24.0,0,2,166,96,0,3
248,1,0,1,37.0,1,1,54,188,103,3
249,0,1,1,54.0,1,0,144,138,0,3
250,0,2,1,29.7,0,0,422,18,0,3
251,0,2,0,29.0,1,1,316,71,146,3
252,0,0,1,62.0,0,0,31,143,84,3
253,0,2,1,30.0,1,0,536,109,0,3
254,0,2,0,41.0,0,2,458,119,0,3
255,1,2,0,29.0,0,2,185,101,0,1
256,1,0,0,29.7,0,0,589,216,0,1
257,1,0,0,30.0,0,0,0,223,41,3
258,1,0,0,35.0,0,0,608,247,0,1
259,1,1,0,50.0,0,1,115,138,0,3
260,0,2,1,29.7,0,0,482,30,0,2
261,1,2,1,3.0,4,2,329,159,0,3
262,0,0,1,52.0,1,1,1,217,135,3
263,0,0,1,40.0,0,0,16,0,47,3
264,0,2,0,29.7,0,0,478,30,0,2
265,0,1,1,36.0,0,0,546,72,0,3
266,0,2,1,16.0,4,1,249,175,0,3
267,1,2,1,25.0,1,0,334,31,0,3
268,1,0,0,58.0,0,1,588,238,58,3
269,1,0,0,35.0,0,0,613,235,90,3
270,0,0,1,29.7,0,0,47,157,0,3
271,1,2,1,25.0,0,0,574,0,0,3
272,1,1,0,41.0,0,1,162,117,0,3
273,0,0,1,37.0,0,1,594,152,55,1
274,1,2,0,29.7,0,0,465,30,0,2
275,1,0,0,63.0,1,0,71,213,114,3
276,0,2,0,45.0,0,0,326,30,0,3
277,0,1,1,29.7,0,0,135,0,0,3
278,0,2,1,7.0,4,1,480,151,0,2
279,1,2,0,35.0,1,1,551,120,0,3
280,0,2,1,65.0,0,0,290,30,0,2
281,0,2,1,28.0,0,0,340,36,0,3
282,0,2,1,16.0,0,0,310,64,0,3
283,1,2,1,19.0,0,0,533,43,0,3
284,0,0,1,29.7,0,0,24,138,4,3
285,0,2,1,33.0,0,0,378,54,0,1
286,1,2,1,30.0,0,0,308,64,0,3
287,0,2,1,22.0,0,0,353,40,0,3
288,1,1,1,42.0,0,0,134,85,0,3
289,1,2,0,22.0,0,0,464,30,0,2
290,1,0,0,26.0,0,0,91,215,0,3
291,1,0,0,19.0,1,0,64,226,32,1
292,0,1,1,36.0,0,0,635,84,91,1
293,0,2,0,24.0,0,0,376,57,0,3
294,0,2,1,24.0,0,0,374,40,0,3
295,0,0,1,29.7,0,0,606,145,0,1
296,0,2,1,23.5,0,0,212,17,0,1
297,0,0,0,2.0,1,2,37,237,63,3
298,1,0,1,29.7,0,0,98,155,52,3
299,1,0,0,50.0,0,1,585,244,37,1
300,1,2,0,29.7,0,0,513,30,0,2
301,1,2,1,29.7,2,0,441,130,0,2
302,0,2,1,19.0,0,0,574,0,0,3
303,1,1,0,29.7,0,0,109,80,117,2
304,0,2,1,29.7,0,0,527,43,0,3
305,1,0,1,0.92,1,2,37,237,63,3
306,1,0,0,29.7,0,0,83,230,0,1
307,1,0,0,17.0,1,0,611,229,75,1
308,0,1,1,30.0,1,0,575,132,0,1
309,1,0,0,30.0,0,0,584,194,126,1
310,1,0,0,24.0,0,0,59,221,73,1
311,1,0,0,18.0,2,2,602,245,36,1
312,0,1,0,26.0,1,1,167,138,0,3
313,0,2,1,28.0,0,0,382,40,0,3
314,0,1,1,43.0,1,1,571,139,0,3
315,1,2,0,26.0,0,0,343,36,0,3
316,1,1,0,24.0,1,0,150,138,0,3
317,0,1,1,54.0,0,0,232,91,0,3
318,1,0,0,31.0,0,2,453,239,77,3
319,1,0,0,40.0,1,1,81,234,125,1
320,0,2,1,22.0,0,0,524,18,0,3
321,0,2,1,27.0,0,0,365,40,0,3
322,1,1,0,30.0,0,0,124,80,0,2
323,1,1,0,22.0,1,1,158,150,0,3
324,0,2,1,29.7,6,2,568,205,0,3
325,1,0,0,36.0,0,0,613,235,66,1
326,0,2,1,61.0,0,0,299,3,0,3
327,1,1,0,36.0,0,0,229,85,91,3
328,1,2,0,31.0,1,1,423,121,0,3
329,1,0,0,16.0,0,1,7,196,18,1
330,1,2,0,29.7,2,0,441,130,0,2
331,0,0,1,45.5,0,0,20,148,57,3
332,0,0,1,38.0,0,1,588,238,86,3
333,0,2,1,16.0,2,0,302,113,0,3
334,1,0,0,29.7,1,0,605,233,0,3
335,0,2,1,29.7,0,0,370,40,0,3
336,0,0,1,29.0,1,0,36,203,62,3
337,1,0,0,41.0,0,0,81,234,128,1
338,1,2,1,45.0,0,0,510,43,0,3
339,0,0,1,45.0,0,0,39,168,147,3
340,1,1,1,2.0,1,1,113,138,142,3
341,1,0,0,24.0,3,2,95,246,64,3
342,0,1,1,28.0,0,0,159,85,0,3
343,0,1,1,25.0,0,0,149,85,0,3
344,0,1,1,36.0,0,0,112,85,0,3
345,1,1,0,24.0,0,0,157,85,143,3
346,1,1,0,40.0,0,0,257,85,0,3
347,1,2,0,29.7,1,0,483,109,0,3
348,1,2,1,3.0,1,1,562,107,0,3
349,0,2,1,42.0,0,0,262,54,0,3
350,0,2,1,23.0,0,0,503,60,0,3
351,0,0,1,29.7,0,0,30,167,60,3
352,0,2,1,15.0,1,1,214,17,0,1
353,0,2,1,25.0,1,0,377,112,0,3
354,0,2,1,29.7,0,0,182,16,0,1
355,0,2,1,28.0,0,0,314,64,0,3
356,1,0,0,22.0,0,1,28,190,124,3
357,0,1,0,38.0,0,0,131,85,0,3
358,1,2,0,29.7,0,0,279,38,0,2
359,1,2,0,29.7,0,0,285,38,0,2
360,0,2,1,40.0,1,4,337,147,0,3
361,0,1,1,29.0,1,0,633,145,0,1
362,0,2,0,45.0,0,1,211,94,0,1
363,0,2,1,35.0,0,0,641,12,0,3
364,0,2,1,29.7,1,0,459,102,0,2
365,0,2,1,30.0,0,0,544,18,0,3
366,1,0,0,60.0,1,0,4,209,105,1
367,1,2,0,29.7,0,0,175,17,0,1
368,1,2,0,29.7,0,0,78,30,0,2
369,1,0,0,24.0,0,0,581,204,25,1
370,1,0,1,25.0,1,0,58,191,132,1
371,0,2,1,18.0,1,0,244,6,0,3
372,0,2,1,19.0,0,0,273,43,0,3
373,0,0,1,22.0,0,0,613,235,0,1
374,0,2,0,3.0,3,1,395,124,0,3
375,1,0,0,29.7,1,0,600,220,0,1
376,1,2,0,22.0,0,0,545,18,0,3
377,0,0,1,27.0,0,2,27,241,80,1
378,0,2,1,20.0,0,0,183,1,0,1
379,0,2,1,19.0,0,0,324,31,0,3
380,1,0,0,42.0,0,0,610,243,0,1
381,1,2,0,1.0,0,2,187,104,0,1
382,0,2,1,32.0,0,0,665,41,0,3
383,1,0,0,35.0,1,0,43,187,0,3
384,0,2,1,29.7,0,0,371,40,0,3
385,0,1,1,18.0,0,0,621,208,0,3
386,0,2,1,1.0,5,2,566,179,0,3
387,1,1,0,36.0,0,0,220,85,0,3
388,0,2,1,29.7,0,0,447,26,0,2
389,1,1,0,17.0,0,0,625,77,0,1
390,1,0,1,36.0,1,2,33,232,48,3
391,1,2,1,21.0,0,0,401,33,0,3
392,0,2,1,28.0,2,0,246,41,0,3
393,1,0,0,23.0,1,0,416,231,104,1
394,1,2,0,24.0,0,2,616,110,146,3
395,0,2,1,22.0,0,0,410,33,0,3
396,0,2,0,31.0,0,0,414,36,0,3
397,0,1,1,46.0,0,0,226,138,0,3
398,0,1,1,23.0,0,0,146,72,0,3
399,1,1,0,28.0,0,0,140,83,0,3
400,1,2,1,39.0,0,0,663,41,0,3
401,0,2,1,26.0,0,0,292,43,0,3
402,0,2,0,21.0,1,0,492,66,0,3
403,0,2,1,28.0,1,0,668,106,0,3
404,0,2,0,20.0,0,0,267,54,0,3
405,0,1,1,34.0,1,0,230,123,0,3
406,0,2,1,51.0,0,0,321,30,0,3
407,1,1,1,3.0,1,1,237,114,0,3
408,0,2,1,21.0,0,0,255,31,0,3
409,0,2,0,29.7,3,1,488,134,0,3
410,0,2,1,29.7,0,0,367,40,0,3
411,0,2,1,29.7,0,0,487,8,0,2
412,1,0,0,33.0,1,0,92,225,79,2
413,0,1,1,29.7,0,0,135,0,0,3
414,1,2,1,44.0,0,0,655,41,0,3
415,0,2,0,29.7,0,0,295,43,0,3
416,1,1,0,34.0,1,1,224,161,0,3
417,1,1,0,18.0,0,2,168,85,0,3
418,0,1,1,30.0,0,0,225,85,0,3
419,0,2,0,10.0,0,2,307,133,0,3
420,0,2,1,29.7,0,0,392,40,0,1
421,0,2,1,21.0,0,0,534,27,0,2
422,0,2,1,29.0,0,0,259,37,0,3
423,0,2,0,28.0,1,1,331,93,0,3
424,0,2,1,18.0,1,1,458,119,0,3
425,0,2,1,29.7,0,0,521,18,0,3
426,1,1,0,28.0,1,0,100,138,0,3
427,1,1,0,19.0,0,0,170,138,0,3
428,0,2,1,29.7,0,0,437,30,0,2
429,1,2,1,32.0,0,0,644,43,116,3
430,1,0,1,28.0,0,0,3,143,72,3
431,1,2,0,29.7,1,0,476,109,0,3
432,1,1,0,42.0,1,0,627,138,0,3
433,0,2,1,17.0,0,0,657,14,0,3
434,0,0,1,50.0,1,0,72,192,129,3
435,1,0,0,14.0,1,2,33,232,48,3
436,0,2,0,21.0,2,2,676,165,0,3
437,1,1,0,24.0,2,3,237,114,0,3
438,0,0,1,64.0,1,4,95,246,64,3
439,0,1,1,31.0,0,0,547,72,0,3
440,1,1,0,45.0,1,1,571,139,0,3
441,0,2,1,20.0,0,0,305,64,0,3
442,0,2,1,25.0,1,0,328,31,0,3
443,1,1,0,28.0,0,0,116,85,0,3
444,1,2,1,29.7,0,0,499,44,0,3
445,1,0,1,4.0,0,2,289,219,11,3
446,1,1,0,13.0,0,1,162,117,0,3
447,1,0,1,34.0,0,0,45,143,0,3
448,1,2,0,5.0,2,1,194,116,0,1
449,1,0,1,52.0,0,0,40,155,51,3
450,0,1,1,36.0,1,2,561,146,0,3
451,0,2,1,29.7,1,0,497,118,0,3
452,0,0,1,30.0,0,0,22,146,54,1
453,1,0,1,49.0,1,0,84,224,87,1
454,0,2,1,29.7,0,0,528,43,0,3
455,1,2,1,29.0,0,0,379,40,0,1
456,0,0,1,65.0,0,0,73,143,127,3
457,1,0,0,29.7,1,0,86,186,98,3
458,1,1,0,50.0,0,0,572,72,0,3
459,0,2,1,29.7,0,0,468,30,0,2
460,1,0,1,48.0,0,0,96,143,118,3
461,0,2,1,34.0,0,0,429,43,0,3
462,0,0,1,47.0,0,0,6,171,134,3
463,0,1,1,48.0,0,0,121,85,0,3
464,0,2,1,29.7,0,0,539,43,0,3
465,0,2,1,38.0,0,0,639,12,0,3
466,0,1,1,29.7,0,0,135,0,0,3
467,0,0,1,56.0,0,0,44,143,0,3
468,0,2,1,29.7,0,0,421,25,0,2
469,1,2,0,0.75,2,1,194,116,0,1
470,0,2,1,29.7,0,0,272,18,0,3
471,0,2,1,38.0,0,0,263,54,0,3
472,1,1,0,33.0,1,2,561,146,0,3
473,1,1,0,23.0,0,0,628,88,91,1
474,0,2,0,22.0,0,0,509,67,0,3
475,0,0,1,29.7,0,0,2,187,2,3
476,0,1,1,34.0,1,0,252,123,0,3
477,0,2,1,29.0,1,0,315,11,0,3
478,0,2,1,22.0,0,0,411,21,0,3
479,1,2,0,2.0,0,1,251,79,0,3
480,0,2,1,9.0,5,2,566,179,0,3
481,0,1,1,29.7,0,0,136,0,0,3
482,0,2,1,50.0,0,0,531,43,0,3
483,1,2,0,63.0,0,0,489,65,0,3
484,1,0,1,25.0,1,0,64,226,32,1
485,0,2,0,29.7,3,1,488,134,0,3
486,1,0,0,35.0,1,0,93,225,88,3
487,0,0,1,58.0,0,0,61,152,26,1
488,0,2,1,30.0,0,0,517,43,0,3
489,1,2,1,9.0,1,1,562,107,0,3
490,0,2,1,29.7,1,0,498,118,0,3
491,0,2,1,21.0,0,0,649,18,0,3
492,0,0,1,55.0,0,0,41,155,65,3
493,0,0,1,71.0,0,0,603,182,0,1
494,0,2,1,21.0,0,0,518,43,0,3
495,0,2,1,29.7,0,0,176,95,0,1
496,1,0,0,54.0,1,0,454,214,97,1
497,0,2,1,29.7,0,0,564,100,0,3
498,0,0,0,25.0,1,2,37,237,63,3
499,0,2,1,24.0,0,0,402,33,0,3
500,0,2,1,17.0,0,0,261,54,0,3
501,0,2,0,21.0,0,0,433,30,0,2
502,0,2,0,29.7,0,0,276,23,0,2
503,0,2,0,37.0,0,0,490,65,0,3
504,1,0,0,16.0,0,0,0,223,43,3
505,0,0,1,18.0,1,0,611,229,75,1
506,1,1,0,33.0,0,2,180,138,0,3
507,1,0,1,29.7,0,0,10,143,0,3
508,0,2,1,28.0,0,0,542,128,0,3
509,1,2,1,26.0,0,0,80,193,0,3
510,1,2,1,29.0,0,0,479,30,0,2
511,0,2,1,29.7,0,0,648,43,0,3
512,1,0,1,36.0,0,0,577,141,122,3
513,1,0,0,54.0,1,0,599,197,0,1
514,0,2,1,24.0,0,0,356,20,0,3
515,0,0,1,47.0,0,0,456,164,107,3
516,1,1,0,34.0,0,0,560,72,143,3
517,0,2,1,29.7,0,0,469,133,0,2
518,1,1,0,36.0,1,0,110,138,0,3
519,0,2,1,32.0,0,0,381,40,0,3
520,1,0,0,30.0,0,0,67,227,40,3
521,0,2,1,22.0,0,0,390,40,0,3
522,0,2,1,29.7,0,0,173,16,0,1
523,1,0,0,44.0,0,1,7,196,18,1
524,0,2,1,29.7,0,0,217,17,0,1
525,0,2,1,40.5,0,0,446,30,0,2
526,1,1,0,50.0,0,0,673,72,0,3
527,0,0,1,29.7,0,0,583,242,89,3
528,0,2,1,39.0,0,0,250,41,0,3
529,0,1,1,23.0,2,1,235,76,0,3
530,1,1,0,2.0,1,1,180,138,0,3
531,0,2,1,29.7,0,0,181,17,0,1
532,0,2,1,17.0,1,1,210,17,0,1
533,1,2,0,29.7,0,2,196,127,0,1
534,0,2,0,30.0,0,0,260,54,0,3
535,1,1,0,7.0,0,2,571,139,0,3
536,0,0,1,45.0,0,0,21,143,27,3
537,1,0,0,30.0,0,0,614,228,0,1
538,0,2,1,29.7,0,0,426,96,0,3
539,1,0,0,22.0,0,2,75,181,28,1
540,1,0,0,36.0,0,2,680,206,21,3
541,0,2,0,9.0,4,2,333,158,0,3
542,0,2,0,11.0,4,2,333,158,0,3
543,1,1,1,32.0,1,0,233,138,0,3
544,0,0,1,50.0,1,0,614,228,83,1
545,0,0,1,64.0,0,0,501,138,0,3
546,1,1,0,19.0,1,0,233,138,0,3
547,1,1,1,29.7,0,0,631,90,0,1
548,0,2,1,33.0,1,1,423,121,0,3
549,1,1,1,8.0,1,1,558,169,0,3
550,1,0,1,17.0,0,2,83,230,78,1
551,0,1,1,27.0,0,0,148,138,0,3
552,0,2,1,29.7,0,0,284,35,0,2
553,1,2,1,22.0,0,0,171,16,0,1
554,1,2,0,22.0,0,0,335,31,0,3
555,0,0,1,62.0,0,0,52,143,0,3
556,1,0,0,48.0,1,0,57,174,3,1
557,0,0,1,29.7,0,0,610,243,0,1
558,1,0,0,39.0,1,1,1,217,135,3
559,1,2,0,36.0,1,0,300,111,0,3
560,0,2,1,29.7,0,0,471,30,0,2
561,0,2,1,40.0,0,0,389,40,0,3
562,0,1,1,28.0,0,0,103,87,0,3
563,0,2,1,29.7,0,0,651,43,0,3
564,0,2,0,29.7,0,0,645,43,0,3
565,0,2,1,24.0,2,0,519,133,0,3
566,0,2,1,19.0,0,0,352,40,0,3
567,0,2,0,29.0,0,4,395,124,0,3
568,0,2,1,29.7,0,0,207,17,0,1
569,1,2,1,32.0,0,0,415,36,0,3
570,1,1,1,62.0,0,0,624,72,0,3
571,1,0,0,53.0,2,0,60,185,49,3
572,1,0,1,36.0,0,0,578,142,122,3
573,1,2,0,29.7,0,0,77,30,0,2
574,0,2,1,16.0,0,0,520,43,0,3
575,0,2,1,19.0,0,0,420,96,0,3
576,1,1,0,34.0,0,0,143,85,0,3
577,1,0,0,39.0,1,0,72,192,129,3
578,0,2,0,29.7,1,0,209,95,0,1
579,1,2,1,32.0,0,0,661,41,0,3
580,1,1,0,25.0,1,1,133,153,0,3
581,1,0,0,39.0,1,1,83,230,76,1
582,0,1,1,54.0,0,0,226,138,0,3
583,0,0,1,36.0,0,0,68,176,1,1
584,0,2,1,29.7,0,0,291,56,0,1
585,1,0,0,18.0,0,2,1,217,136,3
586,0,1,1,47.0,0,0,129,97,0,3
587,1,0,1,60.0,1,1,74,216,30,1
588,0,2,1,22.0,0,0,79,43,0,3
589,0,2,1,29.7,0,0,515,43,0,3
590,0,2,1,35.0,0,0,656,14,0,3
591,1,0,0,52.0,1,0,454,214,97,1
592,0,2,1,47.0,0,0,532,18,0,3
593,0,2,0,29.7,0,2,434,30,0,2
594,0,1,1,37.0,1,0,626,138,0,3
595,0,2,1,36.0,1,1,307,133,0,3
596,1,1,0,29.7,0,0,155,162,0,3
597,0,2,1,49.0,0,0,574,0,0,3
598,0,2,1,29.7,0,0,192,16,0,1
599,1,0,1,49.0,1,0,584,194,5,1
600,1,1,0,24.0,2,1,142,144,0,3
601,0,2,1,29.7,0,0,360,40,0,3
602,0,0,1,29.7,0,0,46,178,0,3
603,0,2,1,44.0,0,0,430,43,0,3
604,1,0,1,35.0,0,0,9,143,0,1
605,0,2,1,36.0,1,0,396,103,0,3
606,0,2,1,30.0,0,0,385,40,0,3
607,1,0,1,27.0,0,0,50,155,0,3
608,1,1,0,22.0,1,2,634,177,0,1
609,1,0,0,40.0,0,0,588,238,58,3
610,0,2,0,39.0,1,5,333,158,0,3
611,0,2,1,29.7,0,0,638,12,0,3
612,1,2,0,29.7,1,0,444,102,0,2
613,0,2,1,29.7,0,0,467,30,0,2
614,0,2,1,35.0,0,0,431,43,0,3
615,1,1,0,24.0,1,2,106,202,0,3
616,0,2,1,34.0,1,1,331,93,0,3
617,0,2,0,26.0,1,0,536,109,0,3
618,1,1,0,4.0,2,1,114,172,145,3
619,0,1,1,26.0,0,0,253,72,0,3
620,0,2,1,27.0,1,0,188,94,0,1
621,1,0,1,42.0,1,0,56,188,96,3
622,1,2,1,20.0,1,1,187,104,0,1
623,0,2,1,21.0,0,0,400,36,0,3
624,0,2,1,21.0,0,0,495,109,0,3
625,0,0,1,61.0,0,0,455,160,111,3
626,0,1,1,57.0,0,0,104,80,0,2
627,1,0,0,21.0,0,0,71,213,115,3
628,0,2,1,26.0,0,0,369,40,0,3
629,0,2,1,29.7,0,0,286,27,0,2
630,1,0,1,80.0,0,0,218,153,6,3
631,0,2,1,51.0,0,0,345,13,0,3
632,1,0,1,32.0,0,0,70,155,34,1
633,0,0,1,29.7,0,0,13,0,0,3
634,0,2,0,9.0,3,2,337,147,0,3
635,1,1,0,28.0,0,0,130,85,0,3
636,0,2,1,32.0,0,0,664,41,0,3
637,0,1,1,31.0,1,1,556,139,0,3
638,0,2,0,41.0,0,5,249,175,0,3
639,0,2,1,29.7,1,0,476,109,0,3
640,0,2,1,20.0,0,0,409,36,0,3
641,1,0,0,24.0,0,0,581,204,25,1
642,0,2,0,2.0,3,2,337,147,0,3
643,1,2,1,29.7,0,0,80,193,0,3
644,1,2,0,0.75,2,1,194,116,0,1
645,1,0,1,48.0,1,0,587,211,102,1
646,0,2,1,19.0,0,0,373,40,0,3
647,1,0,1,56.0,0,0,69,168,8,1
648,0,2,1,29.7,0,0,620,22,0,3
649,1,2,0,23.0,0,0,567,22,0,3
650,0,2,1,29.7,0,0,366,40,0,3
651,1,1,0,18.0,0,1,117,129,0,3
652,0,2,1,21.0,0,0,512,50,0,3
653,1,2,0,29.7,0,0,277,35,0,2
654,0,2,0,18.0,0,0,439,7,0,2
655,0,1,1,24.0,2,0,621,208,0,3
656,0,2,1,29.7,0,0,368,40,0,3
657,0,2,0,32.0,1,1,435,102,0,2
658,0,1,1,23.0,0,0,241,85,0,3
659,0,0,1,58.0,0,2,416,231,109,1
660,1,0,1,50.0,2,0,605,233,0,3
661,0,2,1,40.0,0,0,172,16,0,1
662,0,0,1,47.0,0,0,496,135,133,3
663,0,2,1,36.0,0,0,357,20,0,3
664,1,2,1,20.0,1,0,660,41,0,3
665,0,1,1,32.0,2,0,621,208,0,3
666,0,1,1,25.0,0,0,123,85,0,3
667,0,2,1,29.7,0,0,256,31,0,3
668,0,2,1,43.0,0,0,529,43,0,3
669,1,0,0,29.7,1,0,99,187,59,3
670,1,1,0,40.0,1,1,240,172,0,3
671,0,0,1,31.0,1,0,569,187,39,3
672,0,1,1,70.0,0,0,550,72,0,3
673,1,1,1,31.0,0,0,145,85,0,3
674,0,1,1,29.7,0,0,138,0,0,3
675,0,2,1,18.0,0,0,397,31,0,3
676,0,2,1,24.5,0,0,294,43,0,3
677,1,2,0,18.0,0,0,493,68,0,3
678,0,2,0,43.0,1,6,566,179,0,3
679,1,0,1,36.0,0,1,608,247,35,1
680,0,2,0,29.7,0,0,281,45,0,2
681,1,0,1,27.0,0,0,587,211,110,1
682,0,2,1,20.0,0,0,500,60,0,3
683,0,2,1,14.0,5,2,566,179,0,3
684,0,1,1,60.0,1,1,240,172,0,3
685,0,1,1,25.0,1,2,634,177,0,1
686,0,2,1,14.0,4,1,249,175,0,3
687,0,2,1,19.0,0,0,372,70,0,3
688,0,2,1,18.0,0,0,403,33,0,3
689,1,0,0,15.0,0,1,141,240,33,3
690,1,0,1,31.0,1,0,89,195,20,3
691,1,2,0,4.0,0,1,393,86,0,1
692,1,2,1,29.7,0,0,80,193,0,3
693,0,2,1,25.0,0,0,200,16,0,1
694,0,0,1,60.0,0,0,48,143,0,3
695,0,1,1,52.0,0,0,156,87,0,3
696,0,2,1,44.0,0,0,425,43,0,3
697,1,2,0,29.7,0,0,419,27,0,2
698,0,0,1,49.0,1,1,83,230,76,1
699,0,2,1,42.0,0,0,346,24,140,3
700,1,0,0,18.0,1,0,610,243,74,1
701,1,0,1,35.0,0,0,579,141,121,3
702,0,2,0,18.0,0,1,211,94,0,1
703,0,2,1,25.0,0,0,449,29,0,2
704,0,2,1,26.0,1,0,398,36,0,3
705,0,1,1,39.0,0,0,170,138,0,3
706,1,1,0,45.0,0,0,108,87,0,3
707,1,0,1,42.0,0,0,580,141,121,3
708,1,0,0,22.0,0,0,37,237,0,3
709,1,2,1,29.7,1,1,189,101,0,1
710,1,0,0,24.0,0,0,582,182,85,1
711,0,0,1,29.7,0,0,19,143,57,3
712,1,0,1,48.0,1,0,99,187,59,3
713,0,2,1,29.0,0,0,506,63,0,3
714,0,1,1,52.0,0,0,164,85,0,3
715,0,2,1,19.0,0,0,348,24,141,3
716,1,0,0,38.0,0,0,610,243,67,1
717,1,1,0,27.0,0,0,293,72,117,3
718,0,2,1,29.7,0,0,440,102,0,2
719,0,2,1,33.0,0,0,319,31,0,3
720,1,1,0,6.0,0,1,155,162,0,3
721,0,2,1,17.0,1,0,408,13,0,3
722,0,1,1,34.0,0,0,65,85,0,3
723,0,1,1,50.0,0,0,161,85,0,3
724,1,0,1,27.0,1,0,51,189,138,3
725,0,2,1,20.0,0,0,266,54,0,3
726,1,1,0,30.0,3,0,252,123,0,3
727,1,2,0,29.7,0,0,451,28,0,2
728,0,1,1,25.0,1,0,127,138,0,3
729,0,2,0,25.0,1,0,667,41,0,3
730,1,0,0,29.0,0,0,141,240,33,3
731,0,2,1,11.0,0,0,216,115,0,1
732,0,1,1,29.7,0,0,137,0,0,3
733,0,1,1,23.0,0,0,228,85,0,3
734,0,1,1,23.0,0,0,119,85,0,3
735,0,2,1,28.5,0,0,495,109,0,3
736,0,2,0,48.0,1,3,676,165,0,3
737,1,0,1,35.0,0,0,608,247,16,1
738,0,2,1,29.7,0,0,349,40,0,3
739,0,2,1,29.7,0,0,364,40,0,3
740,1,0,1,29.7,0,0,82,153,106,3
741,0,0,1,36.0,1,0,91,215,68,3
742,1,0,0,21.0,2,2,602,245,36,1
743,0,2,1,24.0,1,0,477,109,0,3
744,1,2,1,31.0,0,0,662,41,0,3
745,0,0,1,70.0,1,1,680,206,21,3
746,0,2,1,16.0,1,1,551,120,0,3
747,1,1,0,30.0,0,0,165,85,0,3
748,0,0,1,19.0,1,0,35,189,101,3
749,0,2,1,31.0,0,0,287,30,0,2
750,1,1,0,4.0,1,1,234,129,0,3
751,1,2,1,6.0,0,1,486,81,119,3
752,0,2,1,33.0,0,0,312,64,0,3
753,0,2,1,23.0,0,0,351,40,0,3
754,1,1,0,48.0,1,2,106,202,0,3
755,1,1,1,0.67,1,1,166,96,0,3
756,0,2,1,28.0,0,0,404,33,0,3
757,0,1,1,18.0,0,0,238,76,0,3
758,0,2,1,34.0,0,0,424,43,0,3
759,1,0,0,33.0,0,0,0,223,41,3
760,0,2,1,29.7,0,0,420,96,0,3
761,0,2,1,41.0,0,0,646,14,0,3
762,1,2,1,20.0,0,0,191,17,0,1
763,1,0,0,36.0,1,2,33,232,48,3
764,0,2,1,16.0,0,0,327,31,0,3
765,1,0,0,51.0,1,0,71,213,93,3
766,0,0,1,29.7,0,0,18,174,0,1
767,0,2,0,30.5,0,0,436,30,0,2
768,0,2,1,29.7,1,0,469,133,0,2
769,0,2,1,32.0,0,0,511,48,0,3
770,0,2,1,24.0,0,0,313,64,0,3
771,0,2,1,48.0,0,0,407,36,0,3
772,0,1,0,57.0,0,0,619,72,137,3
773,0,2,1,29.7,0,0,201,16,0,1
774,1,1,0,54.0,1,3,236,129,0,3
775,0,2,1,18.0,0,0,330,30,0,3
776,0,2,1,29.7,0,0,481,30,144,2
777,1,2,0,5.0,0,0,432,81,0,3
778,0,2,1,29.7,0,0,450,28,0,2
779,1,0,0,43.0,0,1,141,240,23,3
780,1,2,0,13.0,0,0,208,17,0,1
781,1,0,0,17.0,1,0,89,195,20,3
782,0,0,1,29.0,0,0,26,153,113,3
783,0,2,1,29.7,1,2,675,131,0,3
784,0,2,1,25.0,0,0,643,12,0,3
785,0,2,1,25.0,0,0,474,18,0,3
786,1,2,0,18.0,0,0,243,20,0,3
787,0,2,1,8.0,4,1,480,151,0,2
788,1,2,1,1.0,1,2,548,122,0,3
789,0,0,1,46.0,0,0,592,216,45,1
790,0,2,1,29.7,0,0,66,30,0,2
791,0,1,1,16.0,0,0,139,138,0,3
792,0,2,0,29.7,6,2,568,205,0,3
793,0,0,1,29.7,0,0,597,156,0,1
794,0,2,1,25.0,0,0,350,40,0,3
795,0,1,1,39.0,0,0,223,85,0,3
796,1,0,0,49.0,0,0,87,137,95,3
797,1,2,0,31.0,0,0,383,55,0,3
798,0,2,1,30.0,0,0,206,17,0,1
799,0,2,0,30.0,1,1,307,133,0,3
800,0,1,1,34.0,0,0,164,85,0,3
801,1,1,0,31.0,1,1,556,139,0,3
802,1,0,1,11.0,1,2,33,232,48,3
803,1,2,1,0.42,0,1,174,52,0,1
804,1,2,1,27.0,0,0,338,10,0,3
805,0,2,1,31.0,0,0,320,31,0,3
806,0,0,1,39.0,0,0,12,0,12,3
807,0,2,0,18.0,0,0,336,31,0,3
808,0,1,1,39.0,0,0,154,85,0,3
809,1,0,0,33.0,1,0,51,189,138,3
810,0,2,1,26.0,0,0,339,39,0,3
811,0,2,1,39.0,0,0,519,133,0,3
812,0,1,1,35.0,0,0,222,72,0,3
813,0,2,0,6.0,4,2,333,158,0,3
814,0,2,1,30.5,0,0,427,43,0,3
815,0,0,1,29.7,0,0,15,0,17,3
816,0,2,0,23.0,0,0,671,41,0,3
817,0,1,1,31.0,1,1,618,170,0,1
818,0,2,1,43.0,0,0,543,5,0,3
819,0,2,1,10.0,3,2,337,147,0,3
820,1,0,0,52.0,1,1,67,227,38,3
821,1,2,1,27.0,0,0,269,54,0,3
822,0,0,1,38.0,0,0,97,0,0,3
823,1,2,0,27.0,0,1,486,81,119,3
824,0,2,1,2.0,4,1,249,175,0,3
825,0,2,1,29.7,0,0,448,9,0,2
826,0,2,1,29.7,0,0,80,193,0,3
827,1,1,1,1.0,0,2,618,170,0,1
828,1,2,1,29.7,0,0,442,30,0,2
829,1,0,0,62.0,0,0,32,218,22,0
830,1,2,0,15.0,1,0,188,94,0,1
831,1,1,1,0.83,1,1,237,114,0,3
832,0,2,1,29.7,0,0,199,17,0,1
833,0,2,1,23.0,0,0,342,36,0,3
834,0,2,1,18.0,0,0,107,47,0,3
835,1,0,0,39.0,1,1,609,221,131,1
836,0,2,1,21.0,0,0,268,54,0,3
837,0,2,1,29.7,0,0,485,43,0,3
838,1,2,1,32.0,0,0,80,193,0,3
839,1,0,1,29.7,0,0,62,152,69,1
840,0,2,1,20.0,0,0,647,41,0,3
841,0,1,1,16.0,0,0,619,72,0,3
842,1,0,0,30.0,0,0,47,157,0,1
843,0,2,1,34.5,0,0,205,4,0,1
844,0,2,1,17.0,0,0,264,54,0,3
845,0,2,1,42.0,0,0,563,22,0,3
846,0,2,1,29.7,6,2,568,205,0,3
847,0,2,1,35.0,0,0,359,40,0,1
848,0,1,1,28.0,0,1,155,162,0,3
849,1,0,0,29.7,1,0,84,224,87,1
850,0,2,1,4.0,4,2,333,158,0,3
851,0,2,1,74.0,0,0,317,31,0,3
852,0,2,0,9.0,1,1,203,101,0,1
853,1,0,0,16.0,0,1,591,173,100,3
854,0,1,0,44.0,1,0,144,138,0,3
855,1,2,0,18.0,0,1,484,61,0,3
856,1,0,0,45.0,1,1,453,239,0,3
857,1,0,1,51.0,0,0,23,143,120,3
858,1,2,0,24.0,0,3,194,116,0,1
859,0,2,1,29.7,0,0,178,17,0,1
860,0,2,1,41.0,2,0,399,92,0,3
861,0,1,1,21.0,1,0,221,76,0,3
862,1,0,0,48.0,0,0,88,137,95,3
863,0,2,0,29.7,6,2,568,205,0,3
864,0,1,1,24.0,0,0,120,85,0,3
865,1,1,0,42.0,0,0,126,85,0,3
866,1,1,0,27.0,1,0,632,89,0,1
867,0,0,1,31.0,0,0,590,184,7,3
868,0,2,1,29.7,0,0,309,64,0,3
869,1,2,1,4.0,1,1,344,74,0,3
870,0,2,1,26.0,0,0,387,40,0,3
871,1,0,0,47.0,1,1,54,188,103,3
872,0,0,1,33.0,0,0,502,2,35,3
873,0,2,1,47.0,0,0,303,58,0,3
874,1,1,0,28.0,1,0,575,132,0,1
875,1,2,0,15.0,0,0,195,16,0,1
876,0,2,1,20.0,0,0,504,69,0,3
877,0,2,1,19.0,0,0,358,40,0,3
878,0,2,1,29.7,0,0,363,40,0,3
879,1,0,0,56.0,0,1,59,221,71,1
880,1,1,0,25.0,0,1,115,138,0,3
881,0,2,1,33.0,0,0,394,40,0,3
882,0,2,0,22.0,0,0,508,73,0,3
883,0,1,1,28.0,0,0,565,72,0,3
884,0,2,1,25.0,0,0,650,12,0,3
885,0,2,0,39.0,0,5,480,151,0,2
886,0,1,1,27.0,0,0,101,85,0,3
887,1,0,0,19.0,0,0,14,153,31,3
888,0,2,0,29.7,1,2,675,131,0,3
889,1,0,1,26.0,0,0,8,153,61,1
890,0,2,1,32.0,0,0,466,30,0,2
